{
    "Channel 1": [
        32.796139971139965,
        19.802417027417015,
        13.504917304917297,
        6.245670995670999,
        3.9825757575757574,
        2.46468253968254,
        0.7162698412698413,
        0.1736111111111111,
        0.47616550116550116,
        0.08333333333333333,
        0.0,
        0.0,
        0.0,
        0.0,
        0.0,
        0.0,
        0.0,
        0.0,
        0.0
    ],
    "Channel 2": [
        52.54491341991353,
        21.30325785325784,
        11.230988455988452,
        7.443326118326122,
        4.014682539682539,
        1.7420385170385169,
        0.6698773448773448,
        0.46590909090909094,
        0.1111111111111111,
        0.09090909090909091,
        0.09090909090909091,
        0.0,
        0.0,
        0.0,
        0.0,
        0.0,
        0.0,
        0.0,
        0.0
    ],
    "Channel 3": [
        44.81071428571439,
        37.33857531357537,
        21.105566655566644,
        10.738467088467091,
        4.957514707514704,
        1.8976190476190475,
        1.5881063381063378,
        0.4484848484848485,
        0.5795995670995672,
        0.41944444444444445,
        0.3111111111111111,
        0.0,
        0.1111111111111111,
        0.0,
        0.0,
        0.0,
        0.0,
        0.0,
        0.0
    ],
    "Channel 4": [
        64.69329004329013,
        95.96121933621974,
        51.58066378066389,
        28.188178488178465,
        11.054076479076482,
        5.061183261183259,
        2.8649170274170275,
        1.4286435786435787,
        1.1451631701631702,
        0.29924242424242425,
        0.0,
        0.0,
        0.2,
        0.0,
        0.0,
        0.0,
        0.0,
        0.0,
        0.0
    ],
    "Channel 5": [
        19.714682539682542,
        20.356457431457432,
        20.606854256854238,
        9.781782106782112,
        5.520188145188141,
        1.621663059163059,
        1.1551337551337553,
        0.5925074925074925,
        0.14285714285714285,
        0.0,
        0.15476190476190477,
        0.0,
        0.0,
        0.0,
        0.0,
        0.08333333333333333,
        0.0,
        0.0,
        0.0
    ],
    "Channel 6": [
        13.996861471861463,
        16.801587301587283,
        12.755530580530568,
        7.755266955266959,
        3.244119769119769,
        1.5968004218004221,
        0.7848595848595847,
        0.9134670884670886,
        0.0,
        0.2111111111111111,
        0.0,
        0.0,
        0.0,
        0.0,
        0.0,
        0.0,
        0.0,
        0.0,
        0.0
    ],
    "Channel 7": [
        6.309523809523812,
        12.199938949938936,
        5.3976911976911985,
        4.762968975468976,
        3.311940836940837,
        1.804076479076479,
        1.0586691086691087,
        0.29444444444444445,
        0.4733877233877234,
        0.09090909090909091,
        0.0,
        0.0,
        0.0,
        0.0,
        0.0,
        0.0,
        0.0,
        0.0,
        0.0
    ],
    "Channel 8": [
        14.359920634920625,
        17.928968253968232,
        11.75674603174602,
        5.646861471861474,
        3.145111832611833,
        2.4182900432900434,
        1.2746753246753244,
        0.75,
        0.4055555555555555,
        0.07692307692307693,
        0.08333333333333333,
        0.07142857142857142,
        0.0,
        0.0,
        0.0,
        0.0,
        0.0,
        0.0,
        0.0
    ],
    "Channel 9": [
        69.62702020202029,
        67.95622294372295,
        31.797258297258292,
        17.442038517038487,
        9.49171384171385,
        5.064321789321786,
        2.4544122544122544,
        1.0396325896325898,
        0.2159090909090909,
        0.41666666666666663,
        0.26515151515151514,
        0.125,
        0.0,
        0.1111111111111111,
        0.0,
        0.0,
        0.0,
        0.0,
        0.0
    ],
    "Channel 10": [
        127.18668969919004,
        44.51111111111121,
        26.36944444444443,
        12.248520923520916,
        6.306746031746034,
        4.775865800865799,
        1.1992424242424242,
        1.1527777777777777,
        0.9861111111111112,
        0.3111111111111111,
        0.2159090909090909,
        0.0,
        0.08333333333333333,
        0.0,
        0.0,
        0.0,
        0.0,
        0.0,
        0.0
    ],
    "Channel 11": [
        19.76428571428571,
        36.80800865800871,
        25.844184981684975,
        12.698845598845594,
        7.050108225108226,
        4.834448884448883,
        2.7818903318903314,
        0.736904761904762,
        0.594949494949495,
        0.33376623376623377,
        0.125,
        0.24358974358974358,
        0.27976190476190477,
        0.08333333333333333,
        0.1111111111111111,
        0.08333333333333333,
        0.0,
        0.0,
        0.0
    ],
    "Channel 12": [
        19.77705627705627,
        22.56746031746031,
        16.941605616605596,
        9.798748473748477,
        5.264285714285713,
        2.2528138528138526,
        2.6476911976911977,
        1.080735930735931,
        0.3401154401154401,
        0.41366550116550116,
        0.07692307692307693,
        0.27692307692307694,
        0.0,
        0.0,
        0.08333333333333333,
        0.0,
        0.0,
        0.0,
        0.0
    ],
    "Channel 13": [
        85.02904040404066,
        48.51426073926084,
        33.77622655122657,
        22.11105006105005,
        11.763095238095234,
        6.655627705627704,
        4.195310245310245,
        2.217532467532468,
        1.6576839826839826,
        0.9143578643578644,
        0.23033216783216784,
        0.17692307692307693,
        0.0,
        0.0,
        0.0,
        0.0,
        0.08333333333333333,
        0.08333333333333333,
        0.0
    ],
    "Channel 14": [
        10.549999999999992,
        16.892857142857142,
        12.02301587301586,
        9.682142857142855,
        5.852319902319903,
        3.019083694083694,
        2.33015873015873,
        0.9575757575757576,
        0.8936868686868688,
        0.2409090909090909,
        0.17424242424242425,
        0.0625,
        0.0,
        0.0,
        0.08333333333333333,
        0.0,
        0.0,
        0.0,
        0.0
    ],
    "Channel 15": [
        7.866666666666667,
        19.22857142857142,
        13.202380952380944,
        11.544047619047612,
        6.725000000000005,
        3.428571428571428,
        3.2476190476190476,
        1.432478632478633,
        0.3055555555555555,
        0.2159090909090909,
        0.7875874125874125,
        0.09090909090909091,
        0.09090909090909091,
        0.14583333333333331,
        0.0,
        0.0,
        0.0,
        0.0,
        0.0
    ],
    "Channel 16": [
        32.09642857142856,
        38.71065323565328,
        42.269444444444545,
        19.658333333333317,
        14.444913419913412,
        7.457936507936512,
        4.173412698412697,
        2.7670995670995673,
        1.513131313131313,
        1.4221833721833719,
        0.5734848484848485,
        0.5575757575757576,
        0.2125,
        0.14835164835164835,
        0.0,
        0.0,
        0.0,
        0.0,
        0.0
    ],
    "Channel 17": [
        10.469047619047613,
        17.602380952380955,
        15.98095238095237,
        16.303571428571406,
        8.570634920634927,
        5.409163059163057,
        2.164285714285714,
        1.7178571428571434,
        0.9032106782106781,
        0.7469696969696972,
        0.25757575757575757,
        0.4149572649572649,
        0.07692307692307693,
        0.0,
        0.07142857142857142,
        0.0,
        0.0,
        0.0,
        0.0
    ],